Extractor,WER,CER,Text Similarity (%)
PyMuPDF,0.000000,0.000000,100.000000
pdfminer.six,0.477239,0.424336,42.407300
pdfplumber,0.395007,0.114759,77.090698
PyPDF2,0.999266,0.994070,0.589327
